ten,tinhThanhId
An Phu,61dbe695396c445ff760d66f
Chau Doc,61dbe695396c445ff760d66f
Chau Phu,61dbe695396c445ff760d66f
Chau Thanh,61dbe695396c445ff760d66f
Cho Moi,61dbe695396c445ff760d66f
Long Xuyen,61dbe695396c445ff760d66f
Phu Tan,61dbe695396c445ff760d66f
Tan Chau,61dbe695396c445ff760d66f
Thoai Son,61dbe695396c445ff760d66f
Tinh Bien,61dbe695396c445ff760d66f
Tri Ton,61dbe695396c445ff760d66f
Ba Ria,61dbe695396c445ff760d670
Chau Duc,61dbe695396c445ff760d670
Con Dao,61dbe695396c445ff760d670
Dat Do,61dbe695396c445ff760d670
Long Dien,61dbe695396c445ff760d670
Phu My,61dbe695396c445ff760d670
Vung Tau,61dbe695396c445ff760d670
Xuyen Moc,61dbe695396c445ff760d670
Bac Lieu,61dbe695396c445ff760d671
Dong Hai,61dbe695396c445ff760d671
Gia Rai,61dbe695396c445ff760d671
Hoa Binh,61dbe695396c445ff760d671
Hong Dan,61dbe695396c445ff760d671
Phuoc Long,61dbe695396c445ff760d671
Vinh Loi,61dbe695396c445ff760d671
Bac Giac,61dbe695396c445ff760d673
Hiep Hoa,61dbe695396c445ff760d673
Lang Giang,61dbe695396c445ff760d673
Luc Nam,61dbe695396c445ff760d673
Luc Ngan,61dbe695396c445ff760d673
Son Dong,61dbe695396c445ff760d673
Tan Yen,61dbe695396c445ff760d673
Viet Yen,61dbe695396c445ff760d673
Yen Dung,61dbe695396c445ff760d673
Yen The,61dbe695396c445ff760d673
Ba Be,61dbe695396c445ff760d672
Bac Kan,61dbe695396c445ff760d672
Bach Thong,61dbe695396c445ff760d672
Cho Don,61dbe695396c445ff760d672
Cho Moi,61dbe695396c445ff760d672
Na Ri,61dbe695396c445ff760d672
Ngan Son,61dbe695396c445ff760d672
Pac Nam,61dbe695396c445ff760d672
Bac Ninh,61dbe695396c445ff760d674
Gia Binh,61dbe695396c445ff760d674
Luong Tai,61dbe695396c445ff760d674
Que Vo,61dbe695396c445ff760d674
Thuan Thanh,61dbe695396c445ff760d674
Tien Du,61dbe695396c445ff760d674
Tu Son,61dbe695396c445ff760d674
Yen Phong,61dbe695396c445ff760d674
Ba Tri,61dbe695396c445ff760d675
Ben Tre,61dbe695396c445ff760d675
Binh Dai,61dbe695396c445ff760d675
Chau Thanh,61dbe695396c445ff760d675
Cho Lach,61dbe695396c445ff760d675
Giong Tom,61dbe695396c445ff760d675
Mo Cay Bac,61dbe695396c445ff760d675
Mo Cay Nam,61dbe695396c445ff760d675
Thanh Phu,61dbe695396c445ff760d675
Bac Tan Uyen,61dbe695396c445ff760d676
Bau Bang,61dbe695396c445ff760d676
Ben Cat,61dbe695396c445ff760d676
Dau Tieng,61dbe695396c445ff760d676
Di An,61dbe695396c445ff760d676
Phu Giao,61dbe695396c445ff760d676
Tan Uyen,61dbe695396c445ff760d676
Thu Dau Mot,61dbe695396c445ff760d676
Thuan An,61dbe695396c445ff760d676
An Lao,61dbe695396c445ff760d677
An Nhon,61dbe695396c445ff760d677
Hoai An,61dbe695396c445ff760d677
Hoai Nhon,61dbe695396c445ff760d677
Phu Cat,61dbe695396c445ff760d677
Phu My,61dbe695396c445ff760d677
Quy Nhon,61dbe695396c445ff760d677
Tay Son,61dbe695396c445ff760d677
Tuy Phuoc,61dbe695396c445ff760d677
Van Canh,61dbe695396c445ff760d677
Vinh Thanh,61dbe695396c445ff760d677
Binh Long,61dbe695396c445ff760d678
Bu Dang,61dbe695396c445ff760d678
Bu Dop,61dbe695396c445ff760d678
Bu Gia Map,61dbe695396c445ff760d678
Chon Thanh,61dbe695396c445ff760d678
Dong Phu,61dbe695396c445ff760d678
Dong Xoai,61dbe695396c445ff760d678
Hon Quan,61dbe695396c445ff760d678
Loc Ninh,61dbe695396c445ff760d678
Phu Rieng,61dbe695396c445ff760d678
Phuoc Long,61dbe695396c445ff760d678
Bac Binh,61dbe695396c445ff760d679
Duc Linh,61dbe695396c445ff760d679
Ham Tan,61dbe695396c445ff760d679
Ham Thuan Bac,61dbe695396c445ff760d679
Ham Thuan Nam,61dbe695396c445ff760d679
La Gi,61dbe695396c445ff760d679
Phan Thiet,61dbe695396c445ff760d679
Phu Quy,61dbe695396c445ff760d679
Tanh Linh,61dbe695396c445ff760d679
Tuy Phong,61dbe695396c445ff760d679
Ca Mau,61dbe695396c445ff760d67a
Cai Nuoc,61dbe695396c445ff760d67a
Dam Doi,61dbe695396c445ff760d67a
Nam Can,61dbe695396c445ff760d67a
Ngoc Hien,61dbe695396c445ff760d67a
Phu Tan,61dbe695396c445ff760d67a
Thoi Binh,61dbe695396c445ff760d67a
Tran Van Thoi,61dbe695396c445ff760d67a
U Minh,61dbe695396c445ff760d67a
Bao Lac,61dbe695396c445ff760d67b
Bao Lam,61dbe695396c445ff760d67b
Cao Bang,61dbe695396c445ff760d67b
Ha Lang,61dbe695396c445ff760d67b
Ha Quang,61dbe695396c445ff760d67b
Hoa An,61dbe695396c445ff760d67b
Nguyen Binh,61dbe695396c445ff760d67b
Quang Hoa,61dbe695396c445ff760d67b
Thach An,61dbe695396c445ff760d67b
Trung Khanh,61dbe695396c445ff760d67b
Binh Thuy,61dbe695396c445ff760d67c
Cai Rang,61dbe695396c445ff760d67c
Co Do,61dbe695396c445ff760d67c
Ninh Kieu,61dbe695396c445ff760d67c
O Mon,61dbe695396c445ff760d67c
Phong Dien,61dbe695396c445ff760d67c
Thoi Lai,61dbe695396c445ff760d67c
Thot Not,61dbe695396c445ff760d67c
Vinh Thanh,61dbe695396c445ff760d67c
Can Le,61dbe695396c445ff760d67d
Hai Chau,61dbe695396c445ff760d67d
Hoa Vang,61dbe695396c445ff760d67d
Hoang Sa,61dbe695396c445ff760d67d
Lien Chieu,61dbe695396c445ff760d67d
Ngu Hanh Son,61dbe695396c445ff760d67d
Son Tra,61dbe695396c445ff760d67d
Thanh Khe,61dbe695396c445ff760d67d
Buon Don,61dbe695396c445ff760d67e
Buon Ho,61dbe695396c445ff760d67e
Buon Ma Thuot,61dbe695396c445ff760d67e
Cu Kuin,61dbe695396c445ff760d67e
Cu M'gar,61dbe695396c445ff760d67e
Ea H'leo,61dbe695396c445ff760d67e
Ea Kar,61dbe695396c445ff760d67e
Ea Sup,61dbe695396c445ff760d67e
Krong Ana,61dbe695396c445ff760d67e
Krong Bong,61dbe695396c445ff760d67e
Krong Buk,61dbe695396c445ff760d67e
Krong Nang,61dbe695396c445ff760d67e
Krong Pac,61dbe695396c445ff760d67e
Lak,61dbe695396c445ff760d67e
M'Drak,61dbe695396c445ff760d67e
Cu Jut,61dbe695396c445ff760d67f
Dak Glong,61dbe695396c445ff760d67f
Dak Mil,61dbe695396c445ff760d67f
Dak R'lap,61dbe695396c445ff760d67f
Dak Song,61dbe695396c445ff760d67f
Gia Nghia,61dbe695396c445ff760d67f
Krong No,61dbe695396c445ff760d67f
Tuy Duc,61dbe695396c445ff760d67f
Dien Bien,61dbe695396c445ff760d67f
Dien Bien Dong,61dbe695396c445ff760d680
Dien Bien Phu,61dbe695396c445ff760d680
Muong Ang,61dbe695396c445ff760d680
Muong Cha,61dbe695396c445ff760d680
Muong Lay,61dbe695396c445ff760d680
Muong Nhe,61dbe695396c445ff760d680
Nam Po,61dbe695396c445ff760d680
Tua Chua,61dbe695396c445ff760d680
Tuan Giao,61dbe695396c445ff760d680
Bien Hoa,61dbe695396c445ff760d681
Cam My,61dbe695396c445ff760d681
dinh Quan,61dbe695396c445ff760d681
Long Khanh,61dbe695396c445ff760d681
Long Thanh,61dbe695396c445ff760d681
Nhon Trach,61dbe695396c445ff760d681
Tan Phu,61dbe695396c445ff760d681
Thong Nhat,61dbe695396c445ff760d681
Trang Bom,61dbe695396c445ff760d681
Vinh Cuu,61dbe695396c445ff760d681
Xuan Loc,61dbe695396c445ff760d681
Cao Lanh,61dbe695396c445ff760d682
Chau Thanh,61dbe695396c445ff760d682
Hong Ngu,61dbe695396c445ff760d682
Lai Vung,61dbe695396c445ff760d682
Lap Vo,61dbe695396c445ff760d682
Sa Dec,61dbe695396c445ff760d682
Tam Nong,61dbe695396c445ff760d682
Tan Hong,61dbe695396c445ff760d682
Thanh Binh,61dbe695396c445ff760d682
Thap Muoi,61dbe695396c445ff760d682
An Khe,61dbe695396c445ff760d683
Ayun Pa,61dbe695396c445ff760d683
Chu Pah,61dbe695396c445ff760d683
Chu Prong,61dbe695396c445ff760d683
Chu Puh,61dbe695396c445ff760d683
Chu Se,61dbe695396c445ff760d683
Dak Doa,61dbe695396c445ff760d683
Dak Po,61dbe695396c445ff760d683
Duc Co,61dbe695396c445ff760d683
Ia Grai,61dbe695396c445ff760d683
Ia Pa,61dbe695396c445ff760d683
Kbang,61dbe695396c445ff760d683
Krong Chro,61dbe695396c445ff760d683
Krong Pa,61dbe695396c445ff760d683
Mang Yang,61dbe695396c445ff760d683
Phu Thien,61dbe695396c445ff760d683
Pleiku,61dbe695396c445ff760d683
Bac Me,61dbe695396c445ff760d684
Bac Quang,61dbe695396c445ff760d684
Dong Van,61dbe695396c445ff760d684
Gia Giang,61dbe695396c445ff760d684
Hoang Su Phi,61dbe695396c445ff760d684
Meo Vac,61dbe695396c445ff760d684
Quan Ba,61dbe695396c445ff760d684
Quang Binh,61dbe695396c445ff760d684
Vi Xuyen,61dbe695396c445ff760d684
Xin Man,61dbe695396c445ff760d684
Yen Minh,61dbe695396c445ff760d684
Binh Luc,61dbe695396c445ff760d685
Duy Tien,61dbe695396c445ff760d685
Kim Bang,61dbe695396c445ff760d685
Ly Nhan,61dbe695396c445ff760d685
Phu Ly,61dbe695396c445ff760d685
Thanh Liem,61dbe695396c445ff760d685
Ba Dinh,61dbe695396c445ff760d686
Ba Vi,61dbe695396c445ff760d686
Bac Tu Liem,61dbe695396c445ff760d686
Cau Giay,61dbe695396c445ff760d686
Chuong My,61dbe695396c445ff760d686
Dan Phuong,61dbe695396c445ff760d686
Dong Anh,61dbe695396c445ff760d686
Dong Ga,61dbe695396c445ff760d686
Gia Lam,61dbe695396c445ff760d686
Ha Dong,61dbe695396c445ff760d686
Hai Ba Trung,61dbe695396c445ff760d686
Hoai Duc,61dbe695396c445ff760d686
Hoan Kiem,61dbe695396c445ff760d686
Hoang Mai,61dbe695396c445ff760d686
Long Bien,61dbe695396c445ff760d686
Me Linh,61dbe695396c445ff760d686
My Duc,61dbe695396c445ff760d686
Nam Tu Liem,61dbe695396c445ff760d686
Phu Xuyen,61dbe695396c445ff760d686
Phuc Tho,61dbe695396c445ff760d686
Quoc Oai,61dbe695396c445ff760d686
Soc Son,61dbe695396c445ff760d686
Son Tay,61dbe695396c445ff760d686
Tay Ho,61dbe695396c445ff760d686
Thach That,61dbe695396c445ff760d686
Thanh Oai,61dbe695396c445ff760d686
Thanh Tri,61dbe695396c445ff760d686
Thanh Xuan,61dbe695396c445ff760d686
Thuong Tin,61dbe695396c445ff760d686
Ung Hoa,61dbe695396c445ff760d686
Cam Xuyen,61dbe695396c445ff760d688
Can Loc,61dbe695396c445ff760d688
Duc Tho,61dbe695396c445ff760d688
Ha Tinh,61dbe695396c445ff760d688
Hong Linh,61dbe695396c445ff760d688
Huong Khe,61dbe695396c445ff760d688
Huong Son,61dbe695396c445ff760d688
Ky Anh,61dbe695396c445ff760d688
Luc Ha,61dbe695396c445ff760d688
Nghi Xuan,61dbe695396c445ff760d688
Thach Ha,61dbe695396c445ff760d688
Vu Quang,61dbe695396c445ff760d688
Binh Giang,61dbe695396c445ff760d689
Cam Giang,61dbe695396c445ff760d689
Chi Linh,61dbe695396c445ff760d689
Gia Loc,61dbe695396c445ff760d689
Hai Duong,61dbe695396c445ff760d689
Kim Thanh,61dbe695396c445ff760d689
Kinh Mon,61dbe695396c445ff760d689
Nam Sach,61dbe695396c445ff760d689
Ninh Giang,61dbe695396c445ff760d689
Thanh Ha,61dbe695396c445ff760d689
Thanh Mien,61dbe695396c445ff760d689
Tu Ky,61dbe695396c445ff760d689
An Duong,61dbe695396c445ff760d68a
An Lao,61dbe695396c445ff760d68a
Bach Long Vi,61dbe695396c445ff760d68a
Cat Hai,61dbe695396c445ff760d68a
Do Son,61dbe695396c445ff760d68a
Duong Kinh,61dbe695396c445ff760d68a
Hai An,61dbe695396c445ff760d68a
Hong Bang,61dbe695396c445ff760d68a
Kien An,61dbe695396c445ff760d68a
Kien Thuy,61dbe695396c445ff760d68a
Le Chan,61dbe695396c445ff760d68a
Ngo Quyen,61dbe695396c445ff760d68a
Thuy Nguyen,61dbe695396c445ff760d68a
Tien Lang,61dbe695396c445ff760d68a
Vinh Bao,61dbe695396c445ff760d68a
Chau Thanh,61dbe695396c445ff760d68d
Chau Thanh A,61dbe695396c445ff760d68d
Long My,61dbe695396c445ff760d68d
Nga Bay,61dbe695396c445ff760d68d
Phung Hiep,61dbe695396c445ff760d68d
Vi Thanh,61dbe695396c445ff760d68d
Vi Thuy,61dbe695396c445ff760d68d
Cao Phong,61dbe695396c445ff760d68b
Da Bac,61dbe695396c445ff760d68b
Hoa Binh,61dbe695396c445ff760d68b
Kim Boi,61dbe695396c445ff760d68b
Lac Son,61dbe695396c445ff760d68b
Lac Thuy,61dbe695396c445ff760d68b
Luong Son,61dbe695396c445ff760d68b
Mai Chau,61dbe695396c445ff760d68b
Tan Lac,61dbe695396c445ff760d68b
Yen Thuy,61dbe695396c445ff760d68b
An Thi,61dbe695396c445ff760d68e
Hung Yen,61dbe695396c445ff760d68e
Khoai Chau,61dbe695396c445ff760d68e
Kim Dong,61dbe695396c445ff760d68e
My Hao,61dbe695396c445ff760d68e
Phu Cu,61dbe695396c445ff760d68e
Tien lu,61dbe695396c445ff760d68e
Van Giang,61dbe695396c445ff760d68e
Van Lam,61dbe695396c445ff760d68e
Yen My,61dbe695396c445ff760d68e
Cam Lam,61dbe695396c445ff760d68f
Cam Ranh,61dbe695396c445ff760d68f
Dien Khanh,61dbe695396c445ff760d68f
Khanh Son,61dbe695396c445ff760d68f
Khanh Vinh,61dbe695396c445ff760d68f
Nha Trang,61dbe695396c445ff760d68f
Ninh Hoa,61dbe695396c445ff760d68f
Truong Sa,61dbe695396c445ff760d68f
Van Ninh,61dbe695396c445ff760d68f
An Bien,61dbe695396c445ff760d690
An Minh,61dbe695396c445ff760d690
Chau Thanh,61dbe695396c445ff760d690
Giang Thanh,61dbe695396c445ff760d690
Giong Rieng,61dbe695396c445ff760d690
Go Quao,61dbe695396c445ff760d690
Ha Tien,61dbe695396c445ff760d690
Hon Dat,61dbe695396c445ff760d690
Kien Hai,61dbe695396c445ff760d690
Kien Luong,61dbe695396c445ff760d690
Phu Quoc,61dbe695396c445ff760d690
Rach Gia,61dbe695396c445ff760d690
Tan Hiep,61dbe695396c445ff760d690
U Minh Thuong,61dbe695396c445ff760d690
Vinh Thuan,61dbe695396c445ff760d690
Dak Glei,61dbe695396c445ff760d691
Dak Ha,61dbe695396c445ff760d691
Dak To,61dbe695396c445ff760d691
Ia H'Drai,61dbe695396c445ff760d691
Kon Plong,61dbe695396c445ff760d691
Kon Ray,61dbe695396c445ff760d691
Kon Tum,61dbe695396c445ff760d691
Ngoc Hoi,61dbe695396c445ff760d691
Sa Thay,61dbe695396c445ff760d691
Tu Mo Rong,61dbe695396c445ff760d691
Lai Chau,61dbe695396c445ff760d692
Muong Te,61dbe695396c445ff760d692
Nam Nhun,61dbe695396c445ff760d692
Phong Tho,61dbe695396c445ff760d692
Sin Ho,61dbe695396c445ff760d692
Tam Duong,61dbe695396c445ff760d692
Tan Uyen,61dbe695396c445ff760d692
Than Uyen,61dbe695396c445ff760d692
Bac Son,61dbe695396c445ff760d694
Binh Gia,61dbe695396c445ff760d694
Cao Loc,61dbe695396c445ff760d694
Chi Lang,61dbe695396c445ff760d694
Dinh Lap,61dbe695396c445ff760d694
Huu Lung,61dbe695396c445ff760d694
Lang Son,61dbe695396c445ff760d694
Loc Binh,61dbe695396c445ff760d694
Trang Dinh,61dbe695396c445ff760d694
Van Lang,61dbe695396c445ff760d694
Vang Quan,61dbe695396c445ff760d694
Bac Ha,61dbe695396c445ff760d693
Bao Thang,61dbe695396c445ff760d693
Bao Yen,61dbe695396c445ff760d693
Bat Xat,61dbe695396c445ff760d693
Lao Cai,61dbe695396c445ff760d693
Muong Khuong,61dbe695396c445ff760d693
Sa Pa,61dbe695396c445ff760d693
Si Ma Cai,61dbe695396c445ff760d693
Van Ban,61dbe695396c445ff760d693
Bao Lam,61dbe695396c445ff760d695
Bao Loc,61dbe695396c445ff760d695
Cat Tien,61dbe695396c445ff760d695
Da Huoai,61dbe695396c445ff760d695
Da Lat,61dbe695396c445ff760d695
Da Teh,61dbe695396c445ff760d695
Dam Rong,61dbe695396c445ff760d695
Di Linh,61dbe695396c445ff760d695
Don Duong,61dbe695396c445ff760d695
Duc Trong,61dbe695396c445ff760d695
Lac Duong,61dbe695396c445ff760d695
Lam Ha,61dbe695396c445ff760d695
Ben Luc,61dbe695396c445ff760d696
Can Duoc,61dbe695396c445ff760d696
Can Giuoc,61dbe695396c445ff760d696
Chau Thanh,61dbe695396c445ff760d696
Duc Hoa,61dbe695396c445ff760d696
Duc Hue,61dbe695396c445ff760d696
Kien Truong,61dbe695396c445ff760d696
Moc Hoa,61dbe695396c445ff760d696
Tan An,61dbe695396c445ff760d696
Tan Hung,61dbe695396c445ff760d696
Tan Thanh,61dbe695396c445ff760d696
Tan Tru,61dbe695396c445ff760d696
Thanh Hoa,61dbe695396c445ff760d696
Thu Thua,61dbe695396c445ff760d696
Vinh Hung,61dbe695396c445ff760d696
Giao Thuy,61dbe695396c445ff760d697
Hai Hau,61dbe695396c445ff760d697
My Loc,61dbe695396c445ff760d697
Nam Dinh,61dbe695396c445ff760d697
Nam Truc,61dbe695396c445ff760d697
Nghia Hung,61dbe695396c445ff760d697
Truc Ninh,61dbe695396c445ff760d697
Vu Ban,61dbe695396c445ff760d697
Xuan Truong,61dbe695396c445ff760d697
Y Yen,61dbe695396c445ff760d697
Anh son,61dbe695396c445ff760d698
Con Cuong,61dbe695396c445ff760d698
Cua Lo,61dbe695396c445ff760d698
Dien Chau,61dbe695396c445ff760d698
Do Luong,61dbe695396c445ff760d698
Hoang Mai,61dbe695396c445ff760d698
Hung Nguyen,61dbe695396c445ff760d698
Ky Son,61dbe695396c445ff760d698
Nam Dan,61dbe695396c445ff760d698
Nghi Loc,61dbe695396c445ff760d698
Nghia Dan,61dbe695396c445ff760d698
Que Phong,61dbe695396c445ff760d698
Quy Chau,61dbe695396c445ff760d698
Quy Hop,61dbe695396c445ff760d698
Quynh Luu,61dbe695396c445ff760d698
Tan Ky,61dbe695396c445ff760d698
Thai hoa,61dbe695396c445ff760d698
Thanh Chuong,61dbe695396c445ff760d698
Tuong Duong,61dbe695396c445ff760d698
Vinh,61dbe695396c445ff760d698
Yen Thanh,61dbe695396c445ff760d698
Gia Vien,61dbe695396c445ff760d699
Hoa Lu,61dbe695396c445ff760d699
Kim Son,61dbe695396c445ff760d699
Nho Quan,61dbe695396c445ff760d699
Ninh Binh,61dbe695396c445ff760d699
Tam Diep,61dbe695396c445ff760d699
Yen Khanh,61dbe695396c445ff760d699
Yen Mo,61dbe695396c445ff760d699
Bac Ai,61dbe695396c445ff760d69a
Ninh Hai,61dbe695396c445ff760d69a
Ninh Phuoc,61dbe695396c445ff760d69a
Ninh Son,61dbe695396c445ff760d69a
Phan Rang - Thap Cham,61dbe695396c445ff760d69a
Thuan Bac,61dbe695396c445ff760d69a
Thuan Nam,61dbe695396c445ff760d69a
Cam Khe,61dbe695396c445ff760d69b
Doan Hung,61dbe695396c445ff760d69b
Ha Hoa,61dbe695396c445ff760d69b
Lam Thao,61dbe695396c445ff760d69b
Phu Ninh,61dbe695396c445ff760d69b
Phu Tho,61dbe695396c445ff760d69b
Tam Nong,61dbe695396c445ff760d69b
Tan Son,61dbe695396c445ff760d69b
Thanh Ba,61dbe695396c445ff760d69b
Thanh Son,61dbe695396c445ff760d69b
Thanh Thuy,61dbe695396c445ff760d69b
Viet Tri,61dbe695396c445ff760d69b
Yen Lap,61dbe695396c445ff760d69b
Dong Hoa,61dbe695396c445ff760d69c
Dong Xuan,61dbe695396c445ff760d69c
Phu Hoa,61dbe695396c445ff760d69c
Son Hoa,61dbe695396c445ff760d69c
Song Cau,61dbe695396c445ff760d69c
Song Hinh,61dbe695396c445ff760d69c
Tay Hoa,61dbe695396c445ff760d69c
Tuy An,61dbe695396c445ff760d69c
Tuy Hoa,61dbe695396c445ff760d69c
Ba Don,61dbe695396c445ff760d69d
Bo Trach,61dbe695396c445ff760d69d
Dong Hoi,61dbe695396c445ff760d69d
Le Thuy,61dbe695396c445ff760d69d
Minh Hoa,61dbe695396c445ff760d69d
Quang Ninh,61dbe695396c445ff760d69d
Quang Trach,61dbe695396c445ff760d69d
Tuyen Hoa,61dbe695396c445ff760d69d
Bac Tra My,61dbe695396c445ff760d69e
Dai Loc,61dbe695396c445ff760d69e
Dien Ban,61dbe695396c445ff760d69e
Dong Giang,61dbe695396c445ff760d69e
Duy Xuyen,61dbe695396c445ff760d69e
Hiep Duc,61dbe695396c445ff760d69e
Hoi An,61dbe695396c445ff760d69e
Nam Giang,61dbe695396c445ff760d69e
Nam Tra My,61dbe695396c445ff760d69e
Nong Son,61dbe695396c445ff760d69e
Nui Thanh,61dbe695396c445ff760d69e
Phu Ninh,61dbe695396c445ff760d69e
Phuoc Son,61dbe695396c445ff760d69e
Que Son,61dbe695396c445ff760d69e
Tam Ky,61dbe695396c445ff760d69e
Thay Giang,61dbe695396c445ff760d69e
Thang Binh,61dbe695396c445ff760d69e
Tien Phuoc,61dbe695396c445ff760d69e
Ba to,61dbe695396c445ff760d69f
Binh son,61dbe695396c445ff760d69f
Duc Pho,61dbe695396c445ff760d69f
Ly Son,61dbe695396c445ff760d69f
Minh Long,61dbe695396c445ff760d69f
Mo Duc,61dbe695396c445ff760d69f
Nghia Hanh,61dbe695396c445ff760d69f
Quang Ngai,61dbe695396c445ff760d69f
Son Ha,61dbe695396c445ff760d69f
Son Tay,61dbe695396c445ff760d69f
Son Tinh,61dbe695396c445ff760d69f
Tra Bong,61dbe695396c445ff760d69f
Tu Nghia,61dbe695396c445ff760d69f
Ba Che,61dbe695396c445ff760d6a0
Binh Lieu,61dbe695396c445ff760d6a0
Cam Pha,61dbe695396c445ff760d6a0
Co To,61dbe695396c445ff760d6a0
Dam Ha,61dbe695396c445ff760d6a0
Dong Trieu,61dbe695396c445ff760d6a0
Ha Long,61dbe695396c445ff760d6a0
Hai Ha,61dbe695396c445ff760d6a0
Mong Cai,61dbe695396c445ff760d6a0
Quang Yen,61dbe695396c445ff760d6a0
Tien Yen,61dbe695396c445ff760d6a0
Uong Bi,61dbe695396c445ff760d6a0
Van Don,61dbe695396c445ff760d6a0
Cam Lo,61dbe695396c445ff760d6a1
Con Co,61dbe695396c445ff760d6a1
Dakrong,61dbe695396c445ff760d6a1
Dong Ha,61dbe695396c445ff760d6a1
Gio Linh,61dbe695396c445ff760d6a1
Hai Lang,61dbe695396c445ff760d6a1
Huong Hoa,61dbe695396c445ff760d6a1
Quang Tri,61dbe695396c445ff760d6a1
Trieu Phong,61dbe695396c445ff760d6a1
Vinh Linh,61dbe695396c445ff760d6a1
Chau Thanh,61dbe695396c445ff760d6a2
Cu Lao Dung,61dbe695396c445ff760d6a2
Ke Sach,61dbe695396c445ff760d6a2
Long Phu,61dbe695396c445ff760d6a2
My Tu,61dbe695396c445ff760d6a2
My Xuyen,61dbe695396c445ff760d6a2
Nga Nam,61dbe695396c445ff760d6a2
Soc Trang,61dbe695396c445ff760d6a2
Thanh Tri,61dbe695396c445ff760d6a2
Tran De,61dbe695396c445ff760d6a2
Vinh Chau,61dbe695396c445ff760d6a2
Bac Yen,61dbe695396c445ff760d6a3
Mai Son,61dbe695396c445ff760d6a3
Moc Chau,61dbe695396c445ff760d6a3
Muong Lay,61dbe695396c445ff760d6a3
Phu Yen,61dbe695396c445ff760d6a3
Quynh Nhai,61dbe695396c445ff760d6a3
Son La,61dbe695396c445ff760d6a3
Song Ma,61dbe695396c445ff760d6a3
Sop Cop,61dbe695396c445ff760d6a3
Thuan Chau,61dbe695396c445ff760d6a3
Van Ho,61dbe695396c445ff760d6a3
Yen Chau,61dbe695396c445ff760d6a3
Ben Cau,61dbe695396c445ff760d6a4
Chau Thanh,61dbe695396c445ff760d6a4
Duong Minh Chau,61dbe695396c445ff760d6a4
Go Dau,61dbe695396c445ff760d6a4
Hoa Thanh,61dbe695396c445ff760d6a4
Tan Bien,61dbe695396c445ff760d6a4
Tan Chau,61dbe695396c445ff760d6a4
Tay Ninh,61dbe695396c445ff760d6a4
Trang Bang,61dbe695396c445ff760d6a4
Dong Hung,61dbe695396c445ff760d6a5
Hung Ha,61dbe695396c445ff760d6a5
Kien Xuong,61dbe695396c445ff760d6a5
Quynh Phu,61dbe695396c445ff760d6a5
Thai Binh,61dbe695396c445ff760d6a5
Thai Thuy,61dbe695396c445ff760d6a5
Tien Hai,61dbe695396c445ff760d6a5
Vu Thu,61dbe695396c445ff760d6a5
Dai Tu,61dbe695396c445ff760d6a6
Dinh Hoa,61dbe695396c445ff760d6a6
Dong Hy,61dbe695396c445ff760d6a6
Phu Yen,61dbe695396c445ff760d6a6
Phu Binh,61dbe695396c445ff760d6a6
Phu Luong,61dbe695396c445ff760d6a6
Song Cong,61dbe695396c445ff760d6a6
Thai Nguyen,61dbe695396c445ff760d6a6
Vo Nhai,61dbe695396c445ff760d6a6
Ba Thuoc,61dbe695396c445ff760d6a7
Bim Son,61dbe695396c445ff760d6a7
Cam Thuy,61dbe695396c445ff760d6a7
Dong Son,61dbe695396c445ff760d6a7
Ha Trung,61dbe695396c445ff760d6a7
Hau Loc,61dbe695396c445ff760d6a7
Hoang Hoa,61dbe695396c445ff760d6a7
Lang Chanh,61dbe695396c445ff760d6a7
Muong Lat,61dbe695396c445ff760d6a7
Nga Son,61dbe695396c445ff760d6a7
Nghi Son,61dbe695396c445ff760d6a7
Ngoc Lac,61dbe695396c445ff760d6a7
Nhu Thanh,61dbe695396c445ff760d6a7
Nhu Xuan,61dbe695396c445ff760d6a7
Nong Cong,61dbe695396c445ff760d6a7
Quan Hoa,61dbe695396c445ff760d6a7
Quan Son,61dbe695396c445ff760d6a7
Quang Xuong,61dbe695396c445ff760d6a7
Sam Son,61dbe695396c445ff760d6a7
Thach Thanh,61dbe695396c445ff760d6a7
Thanh Hoa,61dbe695396c445ff760d6a7
Thieu Hoa,61dbe695396c445ff760d6a7
Tho Xuan,61dbe695396c445ff760d6a7
Thuong Xuan,61dbe695396c445ff760d6a7
Trieu Son,61dbe695396c445ff760d6a7
Vinh Loc,61dbe695396c445ff760d6a7
Yen Dinh,61dbe695396c445ff760d6a7
Binh Chanh,61dbe695396c445ff760d68c
Binh Tan,61dbe695396c445ff760d68c
Binh Thanh,61dbe695396c445ff760d68c
Can Gio,61dbe695396c445ff760d68c
Cu Chi,61dbe695396c445ff760d68c
Go Vap,61dbe695396c445ff760d68c
Hoc Mon,61dbe695396c445ff760d68c
Nha Be,61dbe695396c445ff760d68c
Phu Nhuan,61dbe695396c445ff760d68c
Quan 1,61dbe695396c445ff760d68c
Quan 3,61dbe695396c445ff760d68c
Quan 4,61dbe695396c445ff760d68c
Quan 5,61dbe695396c445ff760d68c
Quan 6,61dbe695396c445ff760d68c
Quan 7,61dbe695396c445ff760d68c
Quan 8,61dbe695396c445ff760d68c
Quan 10,61dbe695396c445ff760d68c
Quan 11,61dbe695396c445ff760d68c
Quan 12,61dbe695396c445ff760d68c
Tan Binh,61dbe695396c445ff760d68c
Tan Phu,61dbe695396c445ff760d68c
Thu Duc,61dbe695396c445ff760d68c
A Luoi,61dbe695396c445ff760d6a8
Hue,61dbe695396c445ff760d6a8
Huong Thuy,61dbe695396c445ff760d6a8
Huong Tra,61dbe695396c445ff760d6a8
Nam Dong,61dbe695396c445ff760d6a8
Phong Dien,61dbe695396c445ff760d6a8
Phu Loc,61dbe695396c445ff760d6a8
Phu Vang,61dbe695396c445ff760d6a8
Quang Dien,61dbe695396c445ff760d6a8
Cai Be,61dbe695396c445ff760d6a9
Cai Lay,61dbe695396c445ff760d6a9
Chau Thanh,61dbe695396c445ff760d6a9
Cho Gao,61dbe695396c445ff760d6a9
Go Cong,61dbe695396c445ff760d6a9
Go Cong Dong,61dbe695396c445ff760d6a9
Go Cong Tay,61dbe695396c445ff760d6a9
My Tho,61dbe695396c445ff760d6a9
Tan Phu Dong,61dbe695396c445ff760d6a9
Tan Phuoc,61dbe695396c445ff760d6a9
Cang Long,61dbe695396c445ff760d6aa
Cau Ke,61dbe695396c445ff760d6aa
Cau Ngang,61dbe695396c445ff760d6aa
Chau Thanh,61dbe695396c445ff760d6aa
Duyen Hai,61dbe695396c445ff760d6aa
Tieu Can,61dbe695396c445ff760d6aa
Tra Cu,61dbe695396c445ff760d6aa
Tra Vinh,61dbe695396c445ff760d6aa
Chiem Hoa,61dbe695396c445ff760d6ab
Ham Yen,61dbe695396c445ff760d6ab
Lam Binh,61dbe695396c445ff760d6ab
Na Hang,61dbe695396c445ff760d6ab
Son Duong,61dbe695396c445ff760d6ab
Tuyen Quang,61dbe695396c445ff760d6ab
Yen Son,61dbe695396c445ff760d6ab
Binh Minh,61dbe695396c445ff760d6ac
Binh Tan,61dbe695396c445ff760d6ac
Long Ho,61dbe695396c445ff760d6ac
Mang Thit,61dbe695396c445ff760d6ac
Tam Binh,61dbe695396c445ff760d6ac
Tra On,61dbe695396c445ff760d6ac
Vinh Long,61dbe695396c445ff760d6ac
Vung Liem,61dbe695396c445ff760d6ac
Binh Xuyen,61dbe695396c445ff760d6ad
Lap Thach,61dbe695396c445ff760d6ad
Phuc Yen,61dbe695396c445ff760d6ad
Song Lo,61dbe695396c445ff760d6ad
Tam Dao,61dbe695396c445ff760d6ad
Tam Duong,61dbe695396c445ff760d6ad
Vinh Tuong,61dbe695396c445ff760d6ad
Vinh Yen,61dbe695396c445ff760d6ad
Yen Lac,61dbe695396c445ff760d6ad
Luc Yen,61dbe695396c445ff760d6ae
Mu Cang Chai,61dbe695396c445ff760d6ae
Nghia Lo,61dbe695396c445ff760d6ae
Tram Tau,61dbe695396c445ff760d6ae
Tran Yen,61dbe695396c445ff760d6ae
Van Chan,61dbe695396c445ff760d6ae
Van Yen,61dbe695396c445ff760d6ae
Yen Bai,61dbe695396c445ff760d6ae
Yen Binh,61dbe695396c445ff760d6ae
